year,sector_key,total_employment_thousands,resident_employment_thousands,gdp_current_million_sgd,nonresident_employment_thousands,data_quality_flag,level,parent_sector_key,ssic_2020_code,nonresident_share_pct,gdp_per_worker_thousand_sgd,yoy_total_change_pct,yoy_nonresident_change_pct,yoy_resident_change_pct
2009,accomm,28.0,,1910.5,,,3,accomm_food,I55,,68.23,,,
2010,accomm,33.4,,2592.4,,,3,accomm_food,I55,,77.62,19.29,,
2011,accomm,35.4,,3333.3,,,3,accomm_food,I55,,94.16,5.99,,
2012,accomm,36.0,,3494.6,,,3,accomm_food,I55,,97.07,1.69,,
2013,accomm,35.7,,3470.1,,,3,accomm_food,I55,,97.2,-0.83,,
2014,accomm,36.4,,3640.3,,,3,accomm_food,I55,,100.01,1.96,,
2015,accomm,35.9,,3604.7,,,3,accomm_food,I55,,100.41,-1.37,,
2016,accomm,36.7,,3787.3,,,3,accomm_food,I55,,103.2,2.23,,
2017,accomm,37.2,,3942.6,,,3,accomm_food,I55,,105.98,1.36,,
2018,accomm,36.5,,4223.6,,,3,accomm_food,I55,,115.72,-1.88,,
2019,accomm,36.4,,4252.1,,,3,accomm_food,I55,,116.82,-0.27,,
2020,accomm,27.2,,2274.4,,,3,accomm_food,I55,,83.62,-25.27,,
2021,accomm,25.6,,2098.6,,,3,accomm_food,I55,,81.98,-5.88,,
2022,accomm,30.2,,3607.7,,,3,accomm_food,I55,,119.46,17.97,,
2023,accomm,32.6,,5052.4,,,3,accomm_food,I55,,154.98,7.95,,
2024,accomm,33.5,,5460.7,,,3,accomm_food,I55,,163.01,2.76,,
2025,accomm,33.7,,5642.5,,,3,accomm_food,I55,,167.43,0.6,,
2009,accomm_food,190.0,124.9,4970.7,65.1,,2,services,I55-56,34.26,26.16,,,
2010,accomm_food,205.0,128.9,6065.9,76.1,,2,services,I55-56,37.12,29.59,7.89,16.9,3.2
2011,accomm_food,215.1,135.2,7227.9,79.9,,2,services,I55-56,37.15,33.6,4.93,4.99,4.89
2012,accomm_food,222.9,129.3,7847.6,93.6,,2,services,I55-56,41.99,35.21,3.63,17.15,-4.36
2013,accomm_food,230.6,135.1,8208.3,95.5,,2,services,I55-56,41.41,35.6,3.45,2.03,4.49
2014,accomm_food,240.8,137.1,8666.6,103.70000000000002,,2,services,I55-56,43.06,35.99,4.42,8.59,1.48
2015,accomm_food,246.0,139.1,8763.1,106.9,,2,services,I55-56,43.46,35.62,2.16,3.09,1.46
2016,accomm_food,253.4,138.2,9253.4,115.20000000000002,,2,services,I55-56,45.46,36.52,3.01,7.76,-0.65
2017,accomm_food,257.9,134.4,9534.8,123.49999999999996,,2,services,I55-56,47.89,36.97,1.78,7.2,-2.75
2018,accomm_food,259.5,134.4,9958.2,125.1,,2,services,I55-56,48.21,38.37,0.62,1.3,0.0
2019,accomm_food,271.0,131.8,10127.7,139.2,,2,services,I55-56,51.37,37.37,4.43,11.27,-1.93
2020,accomm_food,247.7,128.9,7256.6,118.79999999999998,,2,services,I55-56,47.96,29.3,-8.6,-14.66,-2.2
2021,accomm_food,243.1,125.2,7571.8,117.9,,2,services,I55-56,48.5,31.15,-1.86,-0.76,-2.87
2022,accomm_food,262.4,126.6,10304.7,135.79999999999998,,2,services,I55-56,51.75,39.27,7.94,15.18,1.12
2023,accomm_food,268.5,139.5,12514.4,129.0,,2,services,I55-56,48.04,46.61,2.32,-5.01,10.19
2024,accomm_food,270.7,147.5,13076.2,123.2,,2,services,I55-56,45.51,48.31,0.82,-4.5,5.73
2025,accomm_food,271.0,145.8,13274.3,125.2,,2,services,I55-56,46.2,48.98,0.11,1.62,-1.15
2009,admin_cleaning,43.7,,,,,3,admin_support,N81,,,,,
2010,admin_cleaning,45.5,,,,,3,admin_support,N81,,,4.12,,
2011,admin_cleaning,46.5,,,,,3,admin_support,N81,,,2.2,,
2012,admin_cleaning,48.7,,,,,3,admin_support,N81,,,4.73,,
2013,admin_cleaning,54.7,,,,,3,admin_support,N81,,,12.32,,
2014,admin_cleaning,59.7,,,,,3,admin_support,N81,,,9.14,,
2015,admin_cleaning,66.0,,,,,3,admin_support,N81,,,10.55,,
2016,admin_cleaning,73.8,,,,,3,admin_support,N81,,,11.82,,
2017,admin_cleaning,79.2,,,,,3,admin_support,N81,,,7.32,,
2018,admin_cleaning,79.6,,,,,3,admin_support,N81,,,0.51,,
2019,admin_cleaning,82.8,,,,,3,admin_support,N81,,,4.02,,
2020,admin_cleaning,78.4,,,,,3,admin_support,N81,,,-5.31,,
2021,admin_cleaning,79.0,,,,,3,admin_support,N81,,,0.77,,
2022,admin_cleaning,81.8,,,,,3,admin_support,N81,,,3.54,,
2023,admin_cleaning,82.3,,,,,3,admin_support,N81,,,0.61,,
2024,admin_cleaning,84.6,,,,,3,admin_support,N81,,,2.79,,
2025,admin_cleaning,87.9,,,,,3,admin_support,N81,,,3.9,,
2009,admin_other,79.8,,,,,3,admin_support,,,,,,
2010,admin_other,87.8,,,,,3,admin_support,,,,10.03,,
2011,admin_other,94.4,,,,,3,admin_support,,,,7.52,,
2012,admin_other,97.7,,,,,3,admin_support,,,,3.5,,
2013,admin_other,100.6,,,,,3,admin_support,,,,2.97,,
2014,admin_other,107.5,,,,,3,admin_support,,,,6.86,,
2015,admin_other,114.0,,,,,3,admin_support,,,,6.05,,
2016,admin_other,113.9,,,,,3,admin_support,,,,-0.09,,
2017,admin_other,116.5,,,,,3,admin_support,,,,2.28,,
2018,admin_other,118.2,,,,,3,admin_support,,,,1.46,,
2019,admin_other,120.7,,,,,3,admin_support,,,,2.12,,
2020,admin_other,110.7,,,,,3,admin_support,,,,-8.29,,
2021,admin_other,114.4,,,,,3,admin_support,,,,3.34,,
2022,admin_other,112.8,,,,,3,admin_support,,,,-1.4,,
2023,admin_other,113.6,,,,,3,admin_support,,,,0.71,,
2024,admin_other,116.4,,,,,3,admin_support,,,,2.46,,
2025,admin_other,118.3,,,,,3,admin_support,,,,1.63,,
2009,admin_security,32.5,,,,,3,admin_support,N80,,,,,
2010,admin_security,33.5,,,,,3,admin_support,N80,,,3.08,,
2011,admin_security,35.9,,,,,3,admin_support,N80,,,7.16,,
2012,admin_security,36.8,,,,,3,admin_support,N80,,,2.51,,
2013,admin_security,38.1,,,,,3,admin_support,N80,,,3.53,,
2014,admin_security,40.5,,,,,3,admin_support,N80,,,6.3,,
2015,admin_security,42.8,,,,,3,admin_support,N80,,,5.68,,
2016,admin_security,44.4,,,,,3,admin_support,N80,,,3.74,,
2017,admin_security,47.1,,,,,3,admin_support,N80,,,6.08,,
2018,admin_security,48.5,,,,,3,admin_support,N80,,,2.97,,
2019,admin_security,49.5,,,,,3,admin_support,N80,,,2.06,,
2020,admin_security,48.6,,,,,3,admin_support,N80,,,-1.82,,
2021,admin_security,48.2,,,,,3,admin_support,N80,,,-0.82,,
2022,admin_security,47.3,,,,,3,admin_support,N80,,,-1.87,,
2023,admin_security,47.5,,,,,3,admin_support,N80,,,0.42,,
2024,admin_security,49.7,,,,,3,admin_support,N80,,,4.63,,
2025,admin_security,49.4,,,,,3,admin_support,N80,,,-0.6,,
2009,admin_support,156.0,88.7,7927.6,67.3,,2,services,N77-82,43.14,50.82,,,
2010,admin_support,166.8,100.1,9679.3,66.70000000000002,,2,services,N77-82,39.99,58.03,6.92,-0.89,12.85
2011,admin_support,176.9,97.4,11736.2,79.5,,2,services,N77-82,44.94,66.34,6.06,19.19,-2.7
2012,admin_support,183.2,102.1,12922.3,81.1,,2,services,N77-82,44.27,70.54,3.56,2.01,4.83
2013,admin_support,193.4,99.3,14391.4,94.1,,2,services,N77-82,48.66,74.41,5.57,16.03,-2.74
2014,admin_support,207.8,102.0,16465.5,105.8,,2,services,N77-82,50.91,79.24,7.45,12.43,2.72
2015,admin_support,222.8,108.9,19666.3,113.9,,2,services,N77-82,51.12,88.27,7.22,7.66,6.76
2016,admin_support,232.1,115.9,24033.4,116.2,,2,services,N77-82,50.06,103.55,4.17,2.02,6.43
2017,admin_support,242.8,114.7,25627.7,128.10000000000002,,2,services,N77-82,52.76,105.55,4.61,10.24,-1.04
2018,admin_support,246.2,117.9,26913.1,128.29999999999998,,2,services,N77-82,52.11,109.31,1.4,0.16,2.79
2019,admin_support,253.0,120.0,21786.1,133.0,,2,services,N77-82,52.57,86.11,2.76,3.66,1.78
2020,admin_support,237.8,128.3,17775.2,109.5,,2,services,N77-82,46.05,74.75,-6.01,-17.67,6.92
2021,admin_support,241.6,120.0,16723.6,121.6,,2,services,N77-82,50.33,69.22,1.6,11.05,-6.47
2022,admin_support,241.9,120.3,18610.8,121.6,,2,services,N77-82,50.27,76.94,0.12,0.0,0.25
2023,admin_support,243.4,125.2,16778.7,118.2,,2,services,N77-82,48.56,68.93,0.62,-2.8,4.07
2024,admin_support,250.7,124.0,17620.6,126.7,,2,services,N77-82,50.54,70.29,3.0,7.19,-0.96
2025,admin_support,255.5,127.8,18449.9,127.7,,2,services,N77-82,49.98,72.21,1.91,0.79,3.06
2009,arts_entertainment,42.0,22.6,2018.0,19.4,,3,community_social,R90-93,46.19,48.05,,,
2010,arts_entertainment,52.7,32.9,4568.0,19.800000000000004,,3,community_social,R90-93,37.57,86.68,25.48,2.06,45.58
2011,arts_entertainment,55.7,33.7,5768.5,22.0,,3,community_social,R90-93,39.5,103.56,5.69,11.11,2.43
2012,arts_entertainment,55.3,39.0,5741.1,16.299999999999997,,3,community_social,R90-93,29.48,103.82,-0.72,-25.91,15.73
2013,arts_entertainment,54.7,37.2,5629.2,17.5,,3,community_social,R90-93,31.99,102.91,-1.08,7.36,-4.62
2014,arts_entertainment,56.0,35.1,5786.9,20.9,,3,community_social,R90-93,37.32,103.34,2.38,19.43,-5.65
2015,arts_entertainment,56.1,37.0,5325.5,19.1,,3,community_social,R90-93,34.05,94.93,0.18,-8.61,5.41
2016,arts_entertainment,55.6,40.4,5257.0,15.200000000000005,,3,community_social,R90-93,27.34,94.55,-0.89,-20.42,9.19
2017,arts_entertainment,55.2,35.2,5970.1,20.0,,3,community_social,R90-93,36.23,108.15,-0.72,31.58,-12.87
2018,arts_entertainment,56.4,37.7,6043.6,18.7,,3,community_social,R90-93,33.16,107.16,2.17,-6.5,7.1
2019,arts_entertainment,54.9,34.3,6174.7,20.6,,3,community_social,R90-93,37.52,112.47,-2.66,10.16,-9.02
2020,arts_entertainment,40.5,34.4,3060.2,6.100000000000001,,3,community_social,R90-93,15.06,75.56,-26.23,-70.39,0.29
2021,arts_entertainment,38.2,33.0,3323.2,5.200000000000003,,3,community_social,R90-93,13.61,86.99,-5.68,-14.75,-4.07
2022,arts_entertainment,50.3,34.5,4728.5,15.799999999999995,,3,community_social,R90-93,31.41,94.01,31.68,203.85,4.55
2023,arts_entertainment,54.0,35.6,6193.0,18.4,,3,community_social,R90-93,34.07,114.69,7.36,16.46,3.19
2024,arts_entertainment,55.9,37.8,6704.2,18.1,,3,community_social,R90-93,32.38,119.93,3.52,-1.63,6.18
2025,arts_entertainment,58.3,37.3,7615.4,21.0,,3,community_social,R90-93,36.02,130.62,4.29,16.02,-1.32
2009,community_other,287.4,68.7,4015.5,218.7,,3,community_social,"S, T, U",76.1,13.97,,,
2010,community_other,295.0,65.8,4205.8,229.2,,3,community_social,"S, T, U",77.69,14.26,2.64,4.8,-4.22
2011,community_other,300.2,65.7,4521.8,234.5,,3,community_social,"S, T, U",78.11,15.06,1.76,2.31,-0.15
2012,community_other,304.3,65.3,4794.4,239.0,,3,community_social,"S, T, U",78.54,15.76,1.37,1.92,-0.61
2013,community_other,313.4,69.3,4979.8,244.1,,3,community_social,"S, T, U",77.89,15.89,2.99,2.13,6.13
2014,community_other,326.6,66.3,5173.7,260.3,,3,community_social,"S, T, U",79.7,15.84,4.21,6.64,-4.33
2015,community_other,336.7,67.1,5516.1,269.6,,3,community_social,"S, T, U",80.07,16.38,3.09,3.57,1.21
2016,community_other,346.3,64.9,5832.7,281.4,,3,community_social,"S, T, U",81.26,16.84,2.85,4.38,-3.28
2017,community_other,356.2,65.5,6120.8,290.7,,3,community_social,"S, T, U",81.61,17.18,2.86,3.3,0.92
2018,community_other,363.4,67.1,6396.7,296.29999999999995,,3,community_social,"S, T, U",81.54,17.6,2.02,1.93,2.44
2019,community_other,373.6,64.1,6910.9,309.5,,3,community_social,"S, T, U",82.84,18.5,2.81,4.45,-4.47
2020,community_other,356.1,65.4,5890.4,290.70000000000005,,3,community_social,"S, T, U",81.63,16.54,-4.68,-6.07,2.03
2021,community_other,356.3,73.5,6142.2,282.8,,3,community_social,"S, T, U",79.37,17.24,0.06,-2.72,12.39
2022,community_other,385.1,69.8,6802.3,315.3,,3,community_social,"S, T, U",81.87,17.66,8.08,11.49,-5.03
2023,community_other,407.8,71.3,7636.7,336.5,,3,community_social,"S, T, U",82.52,18.73,5.89,6.72,2.15
2024,community_other,424.2,73.0,8283.8,351.2,,3,community_social,"S, T, U",82.79,19.53,4.02,4.37,2.38
2025,community_other,445.2,77.2,8634.5,368.0,,3,community_social,"S, T, U",82.66,19.39,4.95,4.78,5.75
2009,community_social,615.6,,26966.1,,,2,services,O84-U99,,43.8,,,
2010,community_social,649.7,,32433.5,,,2,services,O84-U99,,49.92,5.54,,
2011,community_social,673.3,,35896.8,,,2,services,O84-U99,,53.31,3.63,,
2012,community_social,693.6,,37567.1,,,2,services,O84-U99,,54.16,3.02,,
2013,community_social,717.5,,40300.2,,,2,services,O84-U99,,56.17,3.45,,
2014,community_social,750.4,,42665.0,,,2,services,O84-U99,,56.86,4.59,,
2015,community_social,777.5,,44974.4,,,2,services,O84-U99,,57.84,3.61,,
2016,community_social,798.9,,47897.8,,,2,services,O84-U99,,59.95,2.75,,
2017,community_social,815.9,,50762.9,,,2,services,O84-U99,,62.22,2.13,,
2018,community_social,833.8,,52981.5,,,2,services,O84-U99,,63.54,2.19,,
2019,community_social,853.6,,54705.6,,,2,services,O84-U99,,64.09,2.37,,
2020,community_social,835.3,,49346.9,,,2,services,O84-U99,,59.08,-2.14,,
2021,community_social,844.8,,53509.1,,,2,services,O84-U99,,63.34,1.14,,
2022,community_social,893.6,,58126.2,,,2,services,O84-U99,,65.05,5.78,,
2023,community_social,933.9,,64012.2,,,2,services,O84-U99,,68.54,4.51,,
2024,community_social,967.9,,68774.9,,,2,services,O84-U99,,71.06,3.64,,
2025,community_social,1002.1,,72962.0,,,2,services,O84-U99,,72.81,3.53,,
2009,construction,378.2,113.8,14989.9,264.4,,1,,F41-43,69.91,39.63,,,
2010,construction,378.7,104.0,14402.7,274.7,,1,,F41-43,72.54,38.03,0.13,3.9,-8.61
2011,construction,400.5,99.7,14837.1,300.8,,1,,F41-43,75.11,37.05,5.76,9.5,-4.13
2012,construction,441.0,104.5,16422.7,336.5,,1,,F41-43,76.3,37.24,10.11,11.87,4.81
2013,construction,479.5,101.9,17119.7,377.6,,1,,F41-43,78.75,35.7,8.73,12.21,-2.49
2014,construction,494.3,98.2,19179.9,396.1,,1,,F41-43,80.13,38.8,3.09,4.9,-3.63
2015,construction,500.6,110.6,20430.8,390.0,,1,,F41-43,77.91,40.81,1.27,-1.54,12.63
2016,construction,488.9,101.2,19757.7,387.7,,1,,F41-43,79.3,40.41,-2.34,-0.59,-8.5
2017,construction,450.3,100.7,17932.1,349.6,,1,,F41-43,77.64,39.82,-7.9,-9.83,-0.49
2018,construction,443.6,104.4,17780.1,339.20000000000005,,1,,F41-43,76.47,40.08,-1.49,-2.97,3.67
2019,construction,454.5,98.0,17984.2,356.5,,1,,F41-43,78.44,39.57,2.46,5.1,-6.13
2020,construction,403.6,97.2,11004.9,306.40000000000003,,1,,F41-43,75.92,27.27,-11.2,-14.05,-0.82
2021,construction,405.7,98.4,16987.6,307.29999999999995,,1,,F41-43,75.75,41.87,0.52,0.29,1.23
2022,construction,497.1,97.7,21154.5,399.4,,1,,F41-43,80.35,42.56,22.53,29.97,-0.71
2023,construction,526.2,94.3,25483.2,431.9,,1,,F41-43,82.08,48.43,5.85,8.14,-3.48
2024,construction,539.5,102.9,27940.0,436.6,,1,,F41-43,80.93,51.79,2.53,1.09,9.12
2025,construction,566.8,103.6,29985.5,463.19999999999993,,1,,F41-43,81.72,52.9,5.06,6.09,0.68
2009,education,75.8,,8888.9,,,4,public_admin_edu,O85,,117.27,,,
2010,education,81.4,,9829.4,,,4,public_admin_edu,O85,,120.75,7.39,,
2011,education,87.6,,10603.9,,,4,public_admin_edu,O85,,121.05,7.62,,
2012,education,92.7,,11124.0,,,4,public_admin_edu,O85,,120.0,5.82,,
2013,education,97.1,,12154.0,,,4,public_admin_edu,O85,,125.17,4.75,,
2014,education,104.0,,12746.4,,,4,public_admin_edu,O85,,122.56,7.11,,
2015,education,106.1,,13512.0,,,4,public_admin_edu,O85,,127.35,2.02,,
2016,education,108.3,,14002.5,,,4,public_admin_edu,O85,,129.29,2.07,,
2017,education,109.5,,14541.2,,,4,public_admin_edu,O85,,132.8,1.11,,
2018,education,112.4,,15209.4,,,4,public_admin_edu,O85,,135.31,2.65,,
2019,education,115.2,,14934.1,,,4,public_admin_edu,O85,,129.64,2.49,,
2020,education,114.8,,14348.1,,,4,public_admin_edu,O85,,124.98,-0.35,,
2021,education,117.1,,15329.7,,,4,public_admin_edu,O85,,130.91,2.0,,
2022,education,119.1,,15704.4,,,4,public_admin_edu,O85,,131.86,1.71,,
2023,education,120.3,,16614.1,,,4,public_admin_edu,O85,,138.11,1.01,,
2024,education,122.7,,17980.3,,,4,public_admin_edu,O85,,146.54,2.0,,
2025,education,121.9,,18382.1,,,4,public_admin_edu,O85,,150.8,-0.65,,
2009,finance_insurance,143.4,121.9,31589.8,21.5,,2,services,K64-66,14.99,220.29,,,
2010,finance_insurance,149.9,126.0,33987.9,23.90000000000001,,2,services,K64-66,15.94,226.74,4.53,11.16,3.36
2011,finance_insurance,157.0,145.5,35298.4,11.5,,2,services,K64-66,7.32,224.83,4.74,-51.88,15.48
2012,finance_insurance,162.9,150.6,37722.1,12.300000000000011,,2,services,K64-66,7.55,231.57,3.76,6.96,3.51
2013,finance_insurance,168.6,147.8,42888.3,20.799999999999983,,2,services,K64-66,12.34,254.38,3.5,69.11,-1.86
2014,finance_insurance,177.4,165.6,45966.4,11.800000000000011,,2,services,K64-66,6.65,259.11,5.22,-43.27,12.04
2015,finance_insurance,179.9,167.3,49872.2,12.599999999999994,,2,services,K64-66,7.0,277.22,1.41,6.78,1.03
2016,finance_insurance,185.2,190.7,51944.6,-5.5,NEGATIVE_DERIVED: total(Dec admin) < resident(Jun survey); timing/methodology mismatch,2,services,K64-66,-2.97,280.48,2.95,-143.65,13.99
2017,finance_insurance,187.9,189.6,56852.7,-1.6999999999999886,NEGATIVE_DERIVED: total(Dec admin) < resident(Jun survey); timing/methodology mismatch,2,services,K64-66,-0.9,302.57,1.46,-69.09,-0.58
2018,finance_insurance,195.6,196.0,62866.9,-0.4000000000000057,NEGATIVE_DERIVED: total(Dec admin) < resident(Jun survey); timing/methodology mismatch,2,services,K64-66,-0.2,321.41,4.1,-76.47,3.38
2019,finance_insurance,201.4,209.4,67880.6,-8.0,NEGATIVE_DERIVED: total(Dec admin) < resident(Jun survey); timing/methodology mismatch,2,services,K64-66,-3.97,337.04,2.97,1900.0,6.84
2020,finance_insurance,204.2,207.9,68867.1,-3.700000000000017,NEGATIVE_DERIVED: total(Dec admin) < resident(Jun survey); timing/methodology mismatch,2,services,K64-66,-1.81,337.25,1.39,-53.75,-0.72
2021,finance_insurance,210.9,225.2,74956.5,-14.299999999999985,NEGATIVE_DERIVED: total(Dec admin) < resident(Jun survey); timing/methodology mismatch,2,services,K64-66,-6.78,355.41,3.28,286.49,8.32
2022,finance_insurance,221.6,235.8,82245.0,-14.200000000000015,NEGATIVE_DERIVED: total(Dec admin) < resident(Jun survey); timing/methodology mismatch,2,services,K64-66,-6.41,371.14,5.07,-0.7,4.71
2023,finance_insurance,231.1,236.2,91935.8,-5.099999999999994,NEGATIVE_DERIVED: total(Dec admin) < resident(Jun survey); timing/methodology mismatch,2,services,K64-66,-2.21,397.82,4.29,-64.08,0.17
2024,finance_insurance,232.3,239.4,99312.8,-7.099999999999994,NEGATIVE_DERIVED: total(Dec admin) < resident(Jun survey); timing/methodology mismatch,2,services,K64-66,-3.06,427.52,0.52,39.22,1.35
2025,finance_insurance,241.3,235.3,104176.0,6.0,,2,services,K64-66,2.49,431.73,3.87,-184.51,-1.71
2009,finance_services,116.3,,,,,3,finance_insurance,K64 & 66 (excl. 662),,,,,
2010,finance_services,121.7,,,,,3,finance_insurance,K64 & 66 (excl. 662),,,4.64,,
2011,finance_services,128.4,,,,,3,finance_insurance,K64 & 66 (excl. 662),,,5.51,,
2012,finance_services,133.5,,,,,3,finance_insurance,K64 & 66 (excl. 662),,,3.97,,
2013,finance_services,138.3,,,,,3,finance_insurance,K64 & 66 (excl. 662),,,3.6,,
2014,finance_services,143.7,,,,,3,finance_insurance,K64 & 66 (excl. 662),,,3.9,,
2015,finance_services,145.7,,,,,3,finance_insurance,K64 & 66 (excl. 662),,,1.39,,
2016,finance_services,149.5,,,,,3,finance_insurance,K64 & 66 (excl. 662),,,2.61,,
2017,finance_services,149.6,,,,,3,finance_insurance,K64 & 66 (excl. 662),,,0.07,,
2018,finance_services,156.1,,,,,3,finance_insurance,K64 & 66 (excl. 662),,,4.34,,
2019,finance_services,160.8,,,,,3,finance_insurance,K64 & 66 (excl. 662),,,3.01,,
2020,finance_services,162.3,,,,,3,finance_insurance,K64 & 66 (excl. 662),,,0.93,,
2021,finance_services,167.6,,,,,3,finance_insurance,K64 & 66 (excl. 662),,,3.27,,
2022,finance_services,176.1,,,,,3,finance_insurance,K64 & 66 (excl. 662),,,5.07,,
2023,finance_services,186.7,,,,,3,finance_insurance,K64 & 66 (excl. 662),,,6.02,,
2024,finance_services,189.7,,,,,3,finance_insurance,K64 & 66 (excl. 662),,,1.61,,
2025,finance_services,197.0,,,,,3,finance_insurance,K64 & 66 (excl. 662),,,3.85,,
2009,food_bev_services,162.0,,3060.2,,,3,accomm_food,I56,,18.89,,,
2010,food_bev_services,171.7,,3473.5,,,3,accomm_food,I56,,20.23,5.99,,
2011,food_bev_services,179.8,,3894.6,,,3,accomm_food,I56,,21.66,4.72,,
2012,food_bev_services,186.9,,4353.0,,,3,accomm_food,I56,,23.29,3.95,,
2013,food_bev_services,194.8,,4738.2,,,3,accomm_food,I56,,24.32,4.23,,
2014,food_bev_services,204.4,,5026.3,,,3,accomm_food,I56,,24.59,4.93,,
2015,food_bev_services,210.1,,5158.4,,,3,accomm_food,I56,,24.55,2.79,,
2016,food_bev_services,216.7,,5466.1,,,3,accomm_food,I56,,25.22,3.14,,
2017,food_bev_services,220.7,,5592.2,,,3,accomm_food,I56,,25.34,1.85,,
2018,food_bev_services,223.1,,5734.6,,,3,accomm_food,I56,,25.7,1.09,,
2019,food_bev_services,234.6,,5875.6,,,3,accomm_food,I56,,25.05,5.15,,
2020,food_bev_services,220.5,,4982.2,,,3,accomm_food,I56,,22.6,-6.01,,
2021,food_bev_services,217.5,,5473.2,,,3,accomm_food,I56,,25.16,-1.36,,
2022,food_bev_services,232.2,,6697.0,,,3,accomm_food,I56,,28.84,6.76,,
2023,food_bev_services,236.0,,7462.0,,,3,accomm_food,I56,,31.62,1.64,,
2024,food_bev_services,237.2,,7615.5,,,3,accomm_food,I56,,32.11,0.51,,
2025,food_bev_services,237.4,,7631.8,,,3,accomm_food,I56,,32.15,0.08,,
2009,gdp_goods_producing,,,76407.5,,,1,,,,,,,
2010,gdp_goods_producing,,,87212.2,,,1,,,,,,,
2011,gdp_goods_producing,,,88875.7,,,1,,,,,,,
2012,gdp_goods_producing,,,92397.2,,,1,,,,,,,
2013,gdp_goods_producing,,,90356.4,,,1,,,,,,,
2014,gdp_goods_producing,,,96557.6,,,1,,,,,,,
2015,gdp_goods_producing,,,102984.3,,,1,,,,,,,
2016,gdp_goods_producing,,,102546.5,,,1,,,,,,,
2017,gdp_goods_producing,,,111620.5,,,1,,,,,,,
2018,gdp_goods_producing,,,128915.2,,,1,,,,,,,
2019,gdp_goods_producing,,,123301.2,,,1,,,,,,,
2020,gdp_goods_producing,,,112686.9,,,1,,,,,,,
2021,gdp_goods_producing,,,145676.0,,,1,,,,,,,
2022,gdp_goods_producing,,,169198.2,,,1,,,,,,,
2023,gdp_goods_producing,,,152158.9,,,1,,,,,,,
2024,gdp_goods_producing,,,164404.3,,,1,,,,,,,
2025,gdp_goods_producing,,,179192.4,,,1,,,,,,,
2009,gdp_gva,,,268452.9,,,0,,,,,,,
2010,gdp_gva,,,309047.0,,,0,,,,,,,
2011,gdp_gva,,,331400.8,,,0,,,,,,,
2012,gdp_gva,,,347618.2,,,0,,,,,,,
2013,gdp_gva,,,362699.5,,,0,,,,,,,
2014,gdp_gva,,,377198.8,,,0,,,,,,,
2015,gdp_gva,,,399187.4,,,0,,,,,,,
2016,gdp_gva,,,416561.2,,,0,,,,,,,
2017,gdp_gva,,,447262.4,,,0,,,,,,,
2018,gdp_gva,,,483221.6,,,0,,,,,,,
2019,gdp_gva,,,487907.7,,,0,,,,,,,
2020,gdp_gva,,,462331.2,,,0,,,,,,,
2021,gdp_gva,,,562209.0,,,0,,,,,,,
2022,gdp_gva,,,677178.3,,,0,,,,,,,
2023,gdp_gva,,,651551.2,,,0,,,,,,,
2024,gdp_gva,,,724355.6,,,0,,,,,,,
2025,gdp_gva,,,744422.4,,,0,,,,,,,
2009,gdp_other_goods,,,114.9,,,2,gdp_goods_producing,,,,,,
2010,gdp_other_goods,,,118.2,,,2,gdp_goods_producing,,,,,,
2011,gdp_other_goods,,,121.6,,,2,gdp_goods_producing,,,,,,
2012,gdp_other_goods,,,122.7,,,2,gdp_goods_producing,,,,,,
2013,gdp_other_goods,,,132.3,,,2,gdp_goods_producing,,,,,,
2014,gdp_other_goods,,,137.8,,,2,gdp_goods_producing,,,,,,
2015,gdp_other_goods,,,138.1,,,2,gdp_goods_producing,,,,,,
2016,gdp_other_goods,,,138.9,,,2,gdp_goods_producing,,,,,,
2017,gdp_other_goods,,,146.0,,,2,gdp_goods_producing,,,,,,
2018,gdp_other_goods,,,153.2,,,2,gdp_goods_producing,,,,,,
2019,gdp_other_goods,,,165.4,,,2,gdp_goods_producing,,,,,,
2020,gdp_other_goods,,,158.3,,,2,gdp_goods_producing,,,,,,
2021,gdp_other_goods,,,178.8,,,2,gdp_goods_producing,,,,,,
2022,gdp_other_goods,,,182.1,,,2,gdp_goods_producing,,,,,,
2023,gdp_other_goods,,,198.3,,,2,gdp_goods_producing,,,,,,
2024,gdp_other_goods,,,201.5,,,2,gdp_goods_producing,,,,,,
2025,gdp_other_goods,,,194.4,,,2,gdp_goods_producing,,,,,,
2009,gdp_ownership_dwellings,,,10351.7,,,1,,,,,,,
2010,gdp_ownership_dwellings,,,11347.1,,,1,,,,,,,
2011,gdp_ownership_dwellings,,,13604.9,,,1,,,,,,,
2012,gdp_ownership_dwellings,,,15749.3,,,1,,,,,,,
2013,gdp_ownership_dwellings,,,17251.0,,,1,,,,,,,
2014,gdp_ownership_dwellings,,,17797.2,,,1,,,,,,,
2015,gdp_ownership_dwellings,,,18100.1,,,1,,,,,,,
2016,gdp_ownership_dwellings,,,17589.4,,,1,,,,,,,
2017,gdp_ownership_dwellings,,,17436.3,,,1,,,,,,,
2018,gdp_ownership_dwellings,,,17751.0,,,1,,,,,,,
2019,gdp_ownership_dwellings,,,18453.1,,,1,,,,,,,
2020,gdp_ownership_dwellings,,,18782.7,,,1,,,,,,,
2021,gdp_ownership_dwellings,,,18913.3,,,1,,,,,,,
2022,gdp_ownership_dwellings,,,20499.3,,,1,,,,,,,
2023,gdp_ownership_dwellings,,,25277.0,,,1,,,,,,,
2024,gdp_ownership_dwellings,,,28454.1,,,1,,,,,,,
2025,gdp_ownership_dwellings,,,29703.0,,,1,,,,,,,
2009,gdp_taxes,,,13941.6,,,0,,,,,,,
2010,gdp_taxes,,,17933.1,,,0,,,,,,,
2011,gdp_taxes,,,19967.1,,,0,,,,,,,
2012,gdp_taxes,,,21152.3,,,0,,,,,,,
2013,gdp_taxes,,,22170.8,,,0,,,,,,,
2014,gdp_taxes,,,21749.1,,,0,,,,,,,
2015,gdp_taxes,,,24256.7,,,0,,,,,,,
2016,gdp_taxes,,,26582.4,,,0,,,,,,,
2017,gdp_taxes,,,28873.8,,,0,,,,,,,
2018,gdp_taxes,,,26608.8,,,0,,,,,,,
2019,gdp_taxes,,,26144.4,,,0,,,,,,,
2020,gdp_taxes,,,22270.8,,,0,,,,,,,
2021,gdp_taxes,,,30416.0,,,0,,,,,,,
2022,gdp_taxes,,,31804.7,,,0,,,,,,,
2023,gdp_taxes,,,34846.8,,,0,,,,,,,
2024,gdp_taxes,,,41141.9,,,0,,,,,,,
2025,gdp_taxes,,,45106.8,,,0,,,,,,,
2009,gdp_utilities,,,4051.8,,,2,gdp_goods_producing,,,,,,
2010,gdp_utilities,,,4765.0,,,2,gdp_goods_producing,,,,,,
2011,gdp_utilities,,,5110.2,,,2,gdp_goods_producing,,,,,,
2012,gdp_utilities,,,5354.6,,,2,gdp_goods_producing,,,,,,
2013,gdp_utilities,,,5219.4,,,2,gdp_goods_producing,,,,,,
2014,gdp_utilities,,,5430.2,,,2,gdp_goods_producing,,,,,,
2015,gdp_utilities,,,5817.2,,,2,gdp_goods_producing,,,,,,
2016,gdp_utilities,,,5676.4,,,2,gdp_goods_producing,,,,,,
2017,gdp_utilities,,,5560.7,,,2,gdp_goods_producing,,,,,,
2018,gdp_utilities,,,5883.5,,,2,gdp_goods_producing,,,,,,
2019,gdp_utilities,,,5904.9,,,2,gdp_goods_producing,,,,,,
2020,gdp_utilities,,,6259.8,,,2,gdp_goods_producing,,,,,,
2021,gdp_utilities,,,6360.4,,,2,gdp_goods_producing,,,,,,
2022,gdp_utilities,,,8205.5,,,2,gdp_goods_producing,,,,,,
2023,gdp_utilities,,,11629.8,,,2,gdp_goods_producing,,,,,,
2024,gdp_utilities,,,11807.5,,,2,gdp_goods_producing,,,,,,
2025,gdp_utilities,,,11400.8,,,2,gdp_goods_producing,,,,,,
2009,health_social,90.9,76.9,5625.0,14.0,,3,community_social,Q86-88,15.4,61.88,,,
2010,health_social,98.8,83.3,6445.9,15.5,,3,community_social,Q86-88,15.69,65.24,8.69,10.71,8.32
2011,health_social,106.5,87.4,6939.7,19.099999999999994,,3,community_social,Q86-88,17.93,65.16,7.79,23.23,4.92
2012,health_social,115.0,90.8,7720.2,24.200000000000003,,3,community_social,Q86-88,21.04,67.13,7.98,26.7,3.89
2013,health_social,124.0,94.8,8293.5,29.200000000000003,,3,community_social,Q86-88,23.55,66.88,7.83,20.66,4.41
2014,health_social,133.4,107.7,9276.0,25.700000000000003,,3,community_social,Q86-88,19.27,69.54,7.58,-11.99,13.61
2015,health_social,145.2,105.7,9998.8,39.49999999999999,,3,community_social,Q86-88,27.2,68.86,8.85,53.7,-1.86
2016,health_social,152.6,115.9,11357.5,36.69999999999999,,3,community_social,Q86-88,24.05,74.43,5.1,-7.09,9.65
2017,health_social,158.7,124.8,12046.0,33.89999999999999,,3,community_social,Q86-88,21.36,75.9,4.0,-7.63,7.68
2018,health_social,164.5,126.0,12684.2,38.5,,3,community_social,Q86-88,23.4,77.11,3.65,13.57,0.96
2019,health_social,171.7,136.2,13546.8,35.5,,3,community_social,Q86-88,20.68,78.9,4.38,-7.79,8.1
2020,health_social,177.1,139.9,13018.4,37.19999999999999,,3,community_social,Q86-88,21.01,73.51,3.15,4.79,2.72
2021,health_social,186.6,152.9,14370.9,33.69999999999999,,3,community_social,Q86-88,18.06,77.01,5.36,-9.41,9.29
2022,health_social,192.8,160.3,15656.0,32.5,,3,community_social,Q86-88,16.86,81.2,3.32,-3.56,4.84
2023,health_social,203.8,168.4,17682.2,35.400000000000006,,3,community_social,Q86-88,17.37,86.76,5.71,8.92,5.05
2024,health_social,214.7,174.5,19205.9,40.19999999999999,,3,community_social,Q86-88,18.72,89.45,5.35,13.56,3.62
2025,health_social,222.8,182.8,20722.4,40.0,,3,community_social,Q86-88,17.95,93.01,3.77,-0.5,4.76
2009,info_comms,94.4,94.3,10699.0,0.1000000000000085,,2,services,J58-63,0.11,113.34,,,
2010,info_comms,103.0,100.5,11557.1,2.5,,2,services,J58-63,2.43,112.2,9.11,2400.0,6.57
2011,info_comms,112.4,86.0,12792.4,26.40000000000001,,2,services,J58-63,23.49,113.81,9.13,956.0,-14.43
2012,info_comms,115.9,86.5,14011.6,29.40000000000001,,2,services,J58-63,25.37,120.89,3.11,11.36,0.58
2013,info_comms,122.0,92.3,15137.3,29.700000000000003,,2,services,J58-63,24.34,124.08,5.26,1.02,6.71
2014,info_comms,129.0,88.4,16196.1,40.6,,2,services,J58-63,31.47,125.55,5.74,36.7,-4.23
2015,info_comms,133.0,86.1,16227.4,46.900000000000006,,2,services,J58-63,35.26,122.01,3.1,15.52,-2.6
2016,info_comms,135.4,87.0,18210.4,48.400000000000006,,2,services,J58-63,35.75,134.49,1.8,3.2,1.05
2017,info_comms,139.6,91.3,18864.8,48.3,,2,services,J58-63,34.6,135.13,3.1,-0.21,4.94
2018,info_comms,147.1,94.1,20015.5,53.0,,2,services,J58-63,36.03,136.07,5.37,9.73,3.07
2019,info_comms,154.8,102.6,22761.5,52.20000000000002,,2,services,J58-63,33.72,147.04,5.23,-1.51,9.03
2020,info_comms,157.6,111.4,26341.9,46.19999999999999,,2,services,J58-63,29.31,167.14,1.81,-11.49,8.58
2021,info_comms,172.9,120.4,30732.8,52.5,,2,services,J58-63,30.36,177.75,9.71,13.64,8.08
2022,info_comms,187.8,132.8,32181.8,55.0,,2,services,J58-63,29.29,171.36,8.62,4.76,10.3
2023,info_comms,181.9,136.0,36579.8,45.900000000000006,,2,services,J58-63,25.23,201.1,-3.14,-16.55,2.41
2024,info_comms,180.3,139.1,42839.0,41.20000000000002,,2,services,J58-63,22.85,237.6,-0.88,-10.24,2.28
2025,info_comms,174.5,129.4,47050.1,45.1,,2,services,J58-63,25.85,269.63,-3.22,9.47,-6.97
2009,info_comms_it,59.0,,,,,3,info_comms,J62-63,,,,,
2010,info_comms_it,65.8,,,,,3,info_comms,J62-63,,,11.53,,
2011,info_comms_it,74.0,,,,,3,info_comms,J62-63,,,12.46,,
2012,info_comms_it,77.1,,,,,3,info_comms,J62-63,,,4.19,,
2013,info_comms_it,81.8,,,,,3,info_comms,J62-63,,,6.1,,
2014,info_comms_it,88.1,,,,,3,info_comms,J62-63,,,7.7,,
2015,info_comms_it,91.3,,,,,3,info_comms,J62-63,,,3.63,,
2016,info_comms_it,94.6,,,,,3,info_comms,J62-63,,,3.61,,
2017,info_comms_it,98.5,,,,,3,info_comms,J62-63,,,4.12,,
2018,info_comms_it,106.7,,,,,3,info_comms,J62-63,,,8.32,,
2019,info_comms_it,114.5,,,,,3,info_comms,J62-63,,,7.31,,
2020,info_comms_it,117.6,,,,,3,info_comms,J62-63,,,2.71,,
2021,info_comms_it,131.4,,,,,3,info_comms,J62-63,,,11.73,,
2022,info_comms_it,145.0,,,,,3,info_comms,J62-63,,,10.35,,
2023,info_comms_it,141.6,,,,,3,info_comms,J62-63,,,-2.34,,
2024,info_comms_it,141.7,,,,,3,info_comms,J62-63,,,0.07,,
2025,info_comms_it,137.9,,,,,3,info_comms,J62-63,,,-2.68,,
2009,info_comms_telecom,35.3,,,,,3,info_comms,J58-61,,,,,
2010,info_comms_telecom,37.2,,,,,3,info_comms,J58-61,,,5.38,,
2011,info_comms_telecom,38.5,,,,,3,info_comms,J58-61,,,3.49,,
2012,info_comms_telecom,38.8,,,,,3,info_comms,J58-61,,,0.78,,
2013,info_comms_telecom,40.2,,,,,3,info_comms,J58-61,,,3.61,,
2014,info_comms_telecom,40.9,,,,,3,info_comms,J58-61,,,1.74,,
2015,info_comms_telecom,41.7,,,,,3,info_comms,J58-61,,,1.96,,
2016,info_comms_telecom,40.8,,,,,3,info_comms,J58-61,,,-2.16,,
2017,info_comms_telecom,41.1,,,,,3,info_comms,J58-61,,,0.74,,
2018,info_comms_telecom,40.4,,,,,3,info_comms,J58-61,,,-1.7,,
2019,info_comms_telecom,40.4,,,,,3,info_comms,J58-61,,,0.0,,
2020,info_comms_telecom,40.0,,,,,3,info_comms,J58-61,,,-0.99,,
2021,info_comms_telecom,41.5,,,,,3,info_comms,J58-61,,,3.75,,
2022,info_comms_telecom,42.9,,,,,3,info_comms,J58-61,,,3.37,,
2023,info_comms_telecom,40.3,,,,,3,info_comms,J58-61,,,-6.06,,
2024,info_comms_telecom,38.6,,,,,3,info_comms,J58-61,,,-4.22,,
2025,info_comms_telecom,36.6,,,,,3,info_comms,J58-61,,,-5.18,,
2009,insurance_services,27.1,,,,,3,finance_insurance,K65 & 662,,,,,
2010,insurance_services,28.1,,,,,3,finance_insurance,K65 & 662,,,3.69,,
2011,insurance_services,28.6,,,,,3,finance_insurance,K65 & 662,,,1.78,,
2012,insurance_services,29.4,,,,,3,finance_insurance,K65 & 662,,,2.8,,
2013,insurance_services,30.3,,,,,3,finance_insurance,K65 & 662,,,3.06,,
2014,insurance_services,33.7,,,,,3,finance_insurance,K65 & 662,,,11.22,,
2015,insurance_services,34.2,,,,,3,finance_insurance,K65 & 662,,,1.48,,
2016,insurance_services,35.7,,,,,3,finance_insurance,K65 & 662,,,4.39,,
2017,insurance_services,38.3,,,,,3,finance_insurance,K65 & 662,,,7.28,,
2018,insurance_services,39.4,,,,,3,finance_insurance,K65 & 662,,,2.87,,
2019,insurance_services,40.6,,,,,3,finance_insurance,K65 & 662,,,3.05,,
2020,insurance_services,41.9,,,,,3,finance_insurance,K65 & 662,,,3.2,,
2021,insurance_services,43.4,,,,,3,finance_insurance,K65 & 662,,,3.58,,
2022,insurance_services,45.5,,,,,3,finance_insurance,K65 & 662,,,4.84,,
2023,insurance_services,44.4,,,,,3,finance_insurance,K65 & 662,,,-2.42,,
2024,insurance_services,42.6,,,,,3,finance_insurance,K65 & 662,,,-4.05,,
2025,insurance_services,44.3,,,,,3,finance_insurance,K65 & 662,,,3.99,,
2009,manufacturing,516.1,293.6,57250.9,222.5,,1,,C10-32,43.11,110.93,,,
2010,manufacturing,520.2,291.4,67926.3,228.80000000000007,,1,,C10-32,43.98,130.58,0.79,2.83,-0.75
2011,manufacturing,526.5,292.4,68806.8,234.1,,1,,C10-32,44.46,130.69,1.21,2.32,0.34
2012,manufacturing,535.4,288.2,70497.2,247.2,,1,,C10-32,46.17,131.67,1.69,5.6,-1.44
2013,manufacturing,539.9,280.0,67885.0,259.9,,1,,C10-32,48.14,125.74,0.84,5.14,-2.85
2014,manufacturing,535.9,249.3,71809.7,286.6,,1,,C10-32,53.48,134.0,-0.74,10.27,-10.96
2015,manufacturing,515.4,238.6,76598.2,276.79999999999995,,1,,C10-32,53.71,148.62,-3.83,-3.42,-4.29
2016,manufacturing,500.4,227.2,76973.5,273.2,,1,,C10-32,54.6,153.82,-2.91,-1.3,-4.78
2017,manufacturing,489.3,223.4,87981.7,265.9,,1,,C10-32,54.34,179.81,-2.22,-2.67,-1.67
2018,manufacturing,488.0,227.8,105098.4,260.2,,1,,C10-32,53.32,215.37,-0.27,-2.14,1.97
2019,manufacturing,487.2,214.4,99246.7,272.79999999999995,,1,,C10-32,55.99,203.71,-0.16,4.84,-5.88
2020,manufacturing,451.2,213.0,95263.9,238.2,,1,,C10-32,52.79,211.13,-7.39,-12.68,-0.65
2021,manufacturing,449.9,212.1,122149.2,237.8,,1,,C10-32,52.86,271.5,-0.29,-0.17,-0.42
2022,manufacturing,485.2,224.9,139656.1,260.29999999999995,,1,,C10-32,53.65,287.83,7.85,9.46,6.03
2023,manufacturing,487.0,212.0,114847.6,275.0,,1,,C10-32,56.47,235.83,0.37,5.65,-5.74
2024,manufacturing,486.0,212.2,124455.3,273.8,,1,,C10-32,56.34,256.08,-0.21,-0.44,0.09
2025,manufacturing,494.4,210.2,137611.7,284.2,,1,,C10-32,57.48,278.34,1.73,3.8,-0.94
2009,mfg_electronics,95.3,,,,,2,manufacturing,C26,,,,,
2010,mfg_electronics,100.9,,,,,2,manufacturing,C26,,,5.88,,
2011,mfg_electronics,96.1,,,,,2,manufacturing,C26,,,-4.76,,
2012,mfg_electronics,92.3,,,,,2,manufacturing,C26,,,-3.95,,
2013,mfg_electronics,89.4,,,,,2,manufacturing,C26,,,-3.14,,
2014,mfg_electronics,88.6,,,,,2,manufacturing,C26,,,-0.89,,
2015,mfg_electronics,86.8,,,,,2,manufacturing,C26,,,-2.03,,
2016,mfg_electronics,84.6,,,,,2,manufacturing,C26,,,-2.53,,
2017,mfg_electronics,92.1,,,,,2,manufacturing,C26,,,8.87,,
2018,mfg_electronics,91.5,,,,,2,manufacturing,C26,,,-0.65,,
2019,mfg_electronics,87.8,,,,,2,manufacturing,C26,,,-4.04,,
2020,mfg_electronics,83.2,,,,,2,manufacturing,C26,,,-5.24,,
2021,mfg_electronics,80.7,,,,,2,manufacturing,C26,,,-3.0,,
2022,mfg_electronics,85.6,,,,,2,manufacturing,C26,,,6.07,,
2023,mfg_electronics,79.1,,,,,2,manufacturing,C26,,,-7.59,,
2024,mfg_electronics,78.3,,,,,2,manufacturing,C26,,,-1.01,,
2025,mfg_electronics,79.4,,,,,2,manufacturing,C26,,,1.4,,
2009,mfg_food_bev,34.0,,,,,2,manufacturing,C10-12,,,,,
2010,mfg_food_bev,36.0,,,,,2,manufacturing,C10-12,,,5.88,,
2011,mfg_food_bev,36.2,,,,,2,manufacturing,C10-12,,,0.56,,
2012,mfg_food_bev,37.8,,,,,2,manufacturing,C10-12,,,4.42,,
2013,mfg_food_bev,41.2,,,,,2,manufacturing,C10-12,,,8.99,,
2014,mfg_food_bev,43.2,,,,,2,manufacturing,C10-12,,,4.85,,
2015,mfg_food_bev,45.5,,,,,2,manufacturing,C10-12,,,5.32,,
2016,mfg_food_bev,46.7,,,,,2,manufacturing,C10-12,,,2.64,,
2017,mfg_food_bev,49.8,,,,,2,manufacturing,C10-12,,,6.64,,
2018,mfg_food_bev,51.4,,,,,2,manufacturing,C10-12,,,3.21,,
2019,mfg_food_bev,52.5,,,,,2,manufacturing,C10-12,,,2.14,,
2020,mfg_food_bev,50.0,,,,,2,manufacturing,C10-12,,,-4.76,,
2021,mfg_food_bev,50.8,,,,,2,manufacturing,C10-12,,,1.6,,
2022,mfg_food_bev,58.9,,,,,2,manufacturing,C10-12,,,15.94,,
2023,mfg_food_bev,62.2,,,,,2,manufacturing,C10-12,,,5.6,,
2024,mfg_food_bev,64.3,,,,,2,manufacturing,C10-12,,,3.38,,
2025,mfg_food_bev,68.0,,,,,2,manufacturing,C10-12,,,5.75,,
2009,mfg_metal_machinery,101.2,,,,,2,manufacturing,"C25,28",,,,,
2010,mfg_metal_machinery,105.4,,,,,2,manufacturing,"C25,28",,,4.15,,
2011,mfg_metal_machinery,110.6,,,,,2,manufacturing,"C25,28",,,4.93,,
2012,mfg_metal_machinery,110.8,,,,,2,manufacturing,"C25,28",,,0.18,,
2013,mfg_metal_machinery,110.9,,,,,2,manufacturing,"C25,28",,,0.09,,
2014,mfg_metal_machinery,112.1,,,,,2,manufacturing,"C25,28",,,1.08,,
2015,mfg_metal_machinery,107.2,,,,,2,manufacturing,"C25,28",,,-4.37,,
2016,mfg_metal_machinery,99.2,,,,,2,manufacturing,"C25,28",,,-7.46,,
2017,mfg_metal_machinery,99.9,,,,,2,manufacturing,"C25,28",,,0.71,,
2018,mfg_metal_machinery,97.8,,,,,2,manufacturing,"C25,28",,,-2.1,,
2019,mfg_metal_machinery,96.5,,,,,2,manufacturing,"C25,28",,,-1.33,,
2020,mfg_metal_machinery,89.9,,,,,2,manufacturing,"C25,28",,,-6.84,,
2021,mfg_metal_machinery,89.8,,,,,2,manufacturing,"C25,28",,,-0.11,,
2022,mfg_metal_machinery,92.8,,,,,2,manufacturing,"C25,28",,,3.34,,
2023,mfg_metal_machinery,94.0,,,,,2,manufacturing,"C25,28",,,1.29,,
2024,mfg_metal_machinery,91.4,,,,,2,manufacturing,"C25,28",,,-2.77,,
2025,mfg_metal_machinery,91.4,,,,,2,manufacturing,"C25,28",,,0.0,,
2009,mfg_other,57.6,,,,,2,manufacturing,,,,,,
2010,mfg_other,59.9,,,,,2,manufacturing,,,,3.99,,
2011,mfg_other,60.9,,,,,2,manufacturing,,,,1.67,,
2012,mfg_other,61.6,,,,,2,manufacturing,,,,1.15,,
2013,mfg_other,62.4,,,,,2,manufacturing,,,,1.3,,
2014,mfg_other,63.7,,,,,2,manufacturing,,,,2.08,,
2015,mfg_other,63.7,,,,,2,manufacturing,,,,0.0,,
2016,mfg_other,63.3,,,,,2,manufacturing,,,,-0.63,,
2017,mfg_other,62.9,,,,,2,manufacturing,,,,-0.63,,
2018,mfg_other,63.6,,,,,2,manufacturing,,,,1.11,,
2019,mfg_other,63.3,,,,,2,manufacturing,,,,-0.47,,
2020,mfg_other,59.2,,,,,2,manufacturing,,,,-6.48,,
2021,mfg_other,59.9,,,,,2,manufacturing,,,,1.18,,
2022,mfg_other,61.3,,,,,2,manufacturing,,,,2.34,,
2023,mfg_other,64.1,,,,,2,manufacturing,,,,4.57,,
2024,mfg_other,58.7,,,,,2,manufacturing,,,,-8.42,,
2025,mfg_other,57.6,,,,,2,manufacturing,,,,-1.87,,
2009,mfg_paper_rubber,37.3,,,,,2,manufacturing,"C17, 18, 22",,,,,
2010,mfg_paper_rubber,40.8,,,,,2,manufacturing,"C17, 18, 22",,,9.38,,
2011,mfg_paper_rubber,40.3,,,,,2,manufacturing,"C17, 18, 22",,,-1.23,,
2012,mfg_paper_rubber,38.4,,,,,2,manufacturing,"C17, 18, 22",,,-4.71,,
2013,mfg_paper_rubber,37.7,,,,,2,manufacturing,"C17, 18, 22",,,-1.82,,
2014,mfg_paper_rubber,36.8,,,,,2,manufacturing,"C17, 18, 22",,,-2.39,,
2015,mfg_paper_rubber,34.4,,,,,2,manufacturing,"C17, 18, 22",,,-6.52,,
2016,mfg_paper_rubber,32.5,,,,,2,manufacturing,"C17, 18, 22",,,-5.52,,
2017,mfg_paper_rubber,30.9,,,,,2,manufacturing,"C17, 18, 22",,,-4.92,,
2018,mfg_paper_rubber,29.8,,,,,2,manufacturing,"C17, 18, 22",,,-3.56,,
2019,mfg_paper_rubber,28.9,,,,,2,manufacturing,"C17, 18, 22",,,-3.02,,
2020,mfg_paper_rubber,26.6,,,,,2,manufacturing,"C17, 18, 22",,,-7.96,,
2021,mfg_paper_rubber,25.6,,,,,2,manufacturing,"C17, 18, 22",,,-3.76,,
2022,mfg_paper_rubber,26.5,,,,,2,manufacturing,"C17, 18, 22",,,3.52,,
2023,mfg_paper_rubber,25.9,,,,,2,manufacturing,"C17, 18, 22",,,-2.26,,
2024,mfg_paper_rubber,24.6,,,,,2,manufacturing,"C17, 18, 22",,,-5.02,,
2025,mfg_paper_rubber,24.1,,,,,2,manufacturing,"C17, 18, 22",,,-2.03,,
2009,mfg_petrochem,57.1,,,,,2,manufacturing,C19-21,,,,,
2010,mfg_petrochem,53.0,,,,,2,manufacturing,C19-21,,,-7.18,,
2011,mfg_petrochem,52.0,,,,,2,manufacturing,C19-21,,,-1.89,,
2012,mfg_petrochem,63.9,,,,,2,manufacturing,C19-21,,,22.88,,
2013,mfg_petrochem,64.6,,,,,2,manufacturing,C19-21,,,1.1,,
2014,mfg_petrochem,61.1,,,,,2,manufacturing,C19-21,,,-5.42,,
2015,mfg_petrochem,57.5,,,,,2,manufacturing,C19-21,,,-5.89,,
2016,mfg_petrochem,62.8,,,,,2,manufacturing,C19-21,,,9.22,,
2017,mfg_petrochem,59.1,,,,,2,manufacturing,C19-21,,,-5.89,,
2018,mfg_petrochem,62.3,,,,,2,manufacturing,C19-21,,,5.41,,
2019,mfg_petrochem,63.1,,,,,2,manufacturing,C19-21,,,1.28,,
2020,mfg_petrochem,58.8,,,,,2,manufacturing,C19-21,,,-6.81,,
2021,mfg_petrochem,63.1,,,,,2,manufacturing,C19-21,,,7.31,,
2022,mfg_petrochem,74.9,,,,,2,manufacturing,C19-21,,,18.7,,
2023,mfg_petrochem,75.5,,,,,2,manufacturing,C19-21,,,0.8,,
2024,mfg_petrochem,79.2,,,,,2,manufacturing,C19-21,,,4.9,,
2025,mfg_petrochem,81.4,,,,,2,manufacturing,C19-21,,,2.78,,
2009,mfg_transport_equip,133.5,,,,,2,manufacturing,C29-30,,,,,
2010,mfg_transport_equip,124.2,,,,,2,manufacturing,C29-30,,,-6.97,,
2011,mfg_transport_equip,130.3,,,,,2,manufacturing,C29-30,,,4.91,,
2012,mfg_transport_equip,130.7,,,,,2,manufacturing,C29-30,,,0.31,,
2013,mfg_transport_equip,133.7,,,,,2,manufacturing,C29-30,,,2.3,,
2014,mfg_transport_equip,130.4,,,,,2,manufacturing,C29-30,,,-2.47,,
2015,mfg_transport_equip,120.3,,,,,2,manufacturing,C29-30,,,-7.75,,
2016,mfg_transport_equip,111.3,,,,,2,manufacturing,C29-30,,,-7.48,,
2017,mfg_transport_equip,94.5,,,,,2,manufacturing,C29-30,,,-15.09,,
2018,mfg_transport_equip,91.6,,,,,2,manufacturing,C29-30,,,-3.07,,
2019,mfg_transport_equip,94.9,,,,,2,manufacturing,C29-30,,,3.6,,
2020,mfg_transport_equip,83.6,,,,,2,manufacturing,C29-30,,,-11.91,,
2021,mfg_transport_equip,79.9,,,,,2,manufacturing,C29-30,,,-4.43,,
2022,mfg_transport_equip,85.3,,,,,2,manufacturing,C29-30,,,6.76,,
2023,mfg_transport_equip,86.0,,,,,2,manufacturing,C29-30,,,0.82,,
2024,mfg_transport_equip,89.6,,,,,2,manufacturing,C29-30,,,4.19,,
2025,mfg_transport_equip,92.6,,,,,2,manufacturing,C29-30,,,3.35,,
2009,others,21.6,20.8,,0.8000000000000007,,1,,"A, B, D, E",3.7,,,,
2010,others,22.0,37.5,,-15.5,NEGATIVE_DERIVED: total(Dec admin) < resident(Jun survey); timing/methodology mismatch,1,,"A, B, D, E",-70.45,,1.85,-2037.5,80.29
2011,others,22.8,23.5,,-0.6999999999999993,NEGATIVE_DERIVED: total(Dec admin) < resident(Jun survey); timing/methodology mismatch,1,,"A, B, D, E",-3.07,,3.64,-95.48,-37.33
2012,others,24.5,26.4,,-1.8999999999999984,NEGATIVE_DERIVED: total(Dec admin) < resident(Jun survey); timing/methodology mismatch,1,,"A, B, D, E",-7.76,,7.46,171.43,12.34
2013,others,26.2,26.8,,-0.6000000000000014,NEGATIVE_DERIVED: total(Dec admin) < resident(Jun survey); timing/methodology mismatch,1,,"A, B, D, E",-2.29,,6.94,-68.42,1.52
2014,others,26.9,24.8,,2.099999999999998,,1,,"A, B, D, E",7.81,,2.67,-450.0,-7.46
2015,others,27.2,23.2,,4.0,,1,,"A, B, D, E",14.71,,1.12,90.48,-6.45
2016,others,27.0,20.0,,7.0,,1,,"A, B, D, E",25.93,,-0.74,75.0,-13.79
2017,others,26.4,21.7,,4.699999999999999,,1,,"A, B, D, E",17.8,,-2.22,-32.86,8.5
2018,others,26.2,21.6,,4.599999999999998,,1,,"A, B, D, E",17.56,,-0.76,-2.13,-0.46
2019,others,26.1,23.5,,2.6000000000000014,,1,,"A, B, D, E",9.96,,-0.38,-43.48,8.8
2020,others,26.0,21.2,,4.800000000000001,,1,,"A, B, D, E",18.46,,-0.38,84.62,-9.79
2021,others,24.3,23.4,,0.9000000000000021,,1,,"A, B, D, E",3.7,,-6.54,-81.25,10.38
2022,others,24.4,21.9,,2.5,,1,,"A, B, D, E",10.25,,0.41,177.78,-6.41
2023,others,24.8,21.3,,3.5,,1,,"A, B, D, E",14.11,,1.64,40.0,-2.74
2024,others,26.3,22.2,,4.100000000000001,,1,,"A, B, D, E",15.59,,6.05,17.14,4.23
2025,others,26.5,19.5,,7.0,,1,,"A, B, D, E",26.42,,0.76,70.73,-12.16
2009,prof_arch_eng,52.2,,,,,3,professional,M71,,,,,
2010,prof_arch_eng,55.2,,,,,3,professional,M71,,,5.75,,
2011,prof_arch_eng,58.4,,,,,3,professional,M71,,,5.8,,
2012,prof_arch_eng,61.7,,,,,3,professional,M71,,,5.65,,
2013,prof_arch_eng,65.1,,,,,3,professional,M71,,,5.51,,
2014,prof_arch_eng,65.7,,,,,3,professional,M71,,,0.92,,
2015,prof_arch_eng,64.6,,,,,3,professional,M71,,,-1.67,,
2016,prof_arch_eng,62.2,,,,,3,professional,M71,,,-3.72,,
2017,prof_arch_eng,61.0,,,,,3,professional,M71,,,-1.93,,
2018,prof_arch_eng,62.0,,,,,3,professional,M71,,,1.64,,
2019,prof_arch_eng,63.0,,,,,3,professional,M71,,,1.61,,
2020,prof_arch_eng,61.7,,,,,3,professional,M71,,,-2.06,,
2021,prof_arch_eng,62.4,,,,,3,professional,M71,,,1.13,,
2022,prof_arch_eng,66.0,,,,,3,professional,M71,,,5.77,,
2023,prof_arch_eng,65.6,,,,,3,professional,M71,,,-0.61,,
2024,prof_arch_eng,65.5,,,,,3,professional,M71,,,-0.15,,
2025,prof_arch_eng,64.9,,,,,3,professional,M71,,,-0.92,,
2009,prof_legal_acct,79.6,,,,,3,professional,M69-70,,,,,
2010,prof_legal_acct,86.7,,,,,3,professional,M69-70,,,8.92,,
2011,prof_legal_acct,90.4,,,,,3,professional,M69-70,,,4.27,,
2012,prof_legal_acct,94.1,,,,,3,professional,M69-70,,,4.09,,
2013,prof_legal_acct,102.5,,,,,3,professional,M69-70,,,8.93,,
2014,prof_legal_acct,108.9,,,,,3,professional,M69-70,,,6.24,,
2015,prof_legal_acct,113.4,,,,,3,professional,M69-70,,,4.13,,
2016,prof_legal_acct,116.0,,,,,3,professional,M69-70,,,2.29,,
2017,prof_legal_acct,119.6,,,,,3,professional,M69-70,,,3.1,,
2018,prof_legal_acct,125.2,,,,,3,professional,M69-70,,,4.68,,
2019,prof_legal_acct,132.7,,,,,3,professional,M69-70,,,5.99,,
2020,prof_legal_acct,132.7,,,,,3,professional,M69-70,,,0.0,,
2021,prof_legal_acct,140.4,,,,,3,professional,M69-70,,,5.8,,
2022,prof_legal_acct,149.4,,,,,3,professional,M69-70,,,6.41,,
2023,prof_legal_acct,155.2,,,,,3,professional,M69-70,,,3.88,,
2024,prof_legal_acct,160.3,,,,,3,professional,M69-70,,,3.29,,
2025,prof_legal_acct,160.1,,,,,3,professional,M69-70,,,-0.12,,
2009,prof_other,39.9,,,,,3,professional,M72-75,,,,,
2010,prof_other,42.3,,,,,3,professional,M72-75,,,6.02,,
2011,prof_other,45.0,,,,,3,professional,M72-75,,,6.38,,
2012,prof_other,48.1,,,,,3,professional,M72-75,,,6.89,,
2013,prof_other,51.1,,,,,3,professional,M72-75,,,6.24,,
2014,prof_other,56.8,,,,,3,professional,M72-75,,,11.15,,
2015,prof_other,56.3,,,,,3,professional,M72-75,,,-0.88,,
2016,prof_other,56.4,,,,,3,professional,M72-75,,,0.18,,
2017,prof_other,57.5,,,,,3,professional,M72-75,,,1.95,,
2018,prof_other,57.8,,,,,3,professional,M72-75,,,0.52,,
2019,prof_other,59.4,,,,,3,professional,M72-75,,,2.77,,
2020,prof_other,57.8,,,,,3,professional,M72-75,,,-2.69,,
2021,prof_other,58.6,,,,,3,professional,M72-75,,,1.38,,
2022,prof_other,62.9,,,,,3,professional,M72-75,,,7.34,,
2023,prof_other,63.8,,,,,3,professional,M72-75,,,1.43,,
2024,prof_other,62.4,,,,,3,professional,M72-75,,,-2.19,,
2025,prof_other,60.7,,,,,3,professional,M72-75,,,-2.72,,
2009,professional,171.7,109.6,16662.0,62.1,,2,services,M69-75,36.17,97.04,,,
2010,professional,184.2,112.5,18280.7,71.69999999999999,,2,services,M69-75,38.93,99.24,7.28,15.46,2.65
2011,professional,193.8,124.8,19672.5,69.00000000000001,,2,services,M69-75,35.6,101.51,5.21,-3.77,10.93
2012,professional,203.9,135.0,20982.3,68.9,,2,services,M69-75,33.79,102.9,5.21,-0.14,8.17
2013,professional,218.7,142.8,21671.4,75.89999999999998,,2,services,M69-75,34.71,99.09,7.26,10.16,5.78
2014,professional,231.3,153.0,22104.8,78.30000000000001,,2,services,M69-75,33.85,95.57,5.76,3.16,7.14
2015,professional,234.2,166.6,24218.6,67.6,,2,services,M69-75,28.86,103.41,1.25,-13.67,8.89
2016,professional,234.6,163.0,25391.9,71.6,,2,services,M69-75,30.52,108.23,0.17,5.92,-2.16
2017,professional,238.1,170.8,26605.9,67.29999999999998,,2,services,M69-75,28.27,111.74,1.49,-6.01,4.79
2018,professional,245.0,174.4,27470.6,70.6,,2,services,M69-75,28.82,112.12,2.9,4.9,2.11
2019,professional,255.1,181.5,30005.7,73.6,,2,services,M69-75,28.85,117.62,4.12,4.25,4.07
2020,professional,252.2,181.4,28268.1,70.79999999999998,,2,services,M69-75,28.07,112.09,-1.14,-3.8,-0.06
2021,professional,261.4,196.5,30735.8,64.89999999999998,,2,services,M69-75,24.83,117.58,3.65,-8.33,8.32
2022,professional,278.3,197.6,35244.5,80.70000000000002,,2,services,M69-75,29.0,126.64,6.47,24.35,0.56
2023,professional,284.6,199.8,37102.8,84.80000000000001,,2,services,M69-75,29.8,130.37,2.26,5.08,1.11
2024,professional,288.2,197.1,39397.6,91.1,,2,services,M69-75,31.61,136.7,1.26,7.43,-1.35
2025,professional,285.7,192.6,41806.5,93.1,,2,services,M69-75,32.59,146.33,-0.87,2.2,-2.28
2009,public_admin,119.4,,6418.7,,,4,public_admin_edu,O84,,53.76,,,
2010,public_admin,121.7,,7384.4,,,4,public_admin_edu,O84,,60.68,1.93,,
2011,public_admin,123.3,,8062.9,,,4,public_admin_edu,O84,,65.39,1.31,,
2012,public_admin,126.2,,8187.4,,,4,public_admin_edu,O84,,64.88,2.35,,
2013,public_admin,128.4,,9243.7,,,4,public_admin_edu,O84,,71.99,1.74,,
2014,public_admin,130.4,,9682.0,,,4,public_admin_edu,O84,,74.25,1.56,,
2015,public_admin,133.3,,10622.0,,,4,public_admin_edu,O84,,79.68,2.22,,
2016,public_admin,136.2,,11448.1,,,4,public_admin_edu,O84,,84.05,2.18,,
2017,public_admin,136.3,,12084.8,,,4,public_admin_edu,O84,,88.66,0.07,,
2018,public_admin,137.2,,12647.6,,,4,public_admin_edu,O84,,92.18,0.66,,
2019,public_admin,138.3,,13139.1,,,4,public_admin_edu,O84,,95.0,0.8,,
2020,public_admin,146.8,,13029.8,,,4,public_admin_edu,O84,,88.76,6.15,,
2021,public_admin,146.6,,14343.1,,,4,public_admin_edu,O84,,97.84,-0.14,,
2022,public_admin,146.3,,15235.0,,,4,public_admin_edu,O84,,104.14,-0.2,,
2023,public_admin,147.9,,15886.2,,,4,public_admin_edu,O84,,107.41,1.09,,
2024,public_admin,150.5,,16600.7,,,4,public_admin_edu,O84,,110.3,1.76,,
2025,public_admin,153.9,,17607.6,,,4,public_admin_edu,O84,,114.41,2.26,,
2009,public_admin_edu,195.3,236.3,,-41.0,NEGATIVE_DERIVED: total(Dec admin) < resident(Jun survey); timing/methodology mismatch,3,community_social,"O84, P85",-20.99,,,,
2010,public_admin_edu,203.2,266.7,,-63.5,NEGATIVE_DERIVED: total(Dec admin) < resident(Jun survey); timing/methodology mismatch,3,community_social,"O84, P85",-31.25,,4.05,54.88,12.87
2011,public_admin_edu,210.9,266.3,,-55.400000000000006,NEGATIVE_DERIVED: total(Dec admin) < resident(Jun survey); timing/methodology mismatch,3,community_social,"O84, P85",-26.27,,3.79,-12.76,-0.15
2012,public_admin_edu,218.9,275.1,,-56.20000000000002,NEGATIVE_DERIVED: total(Dec admin) < resident(Jun survey); timing/methodology mismatch,3,community_social,"O84, P85",-25.67,,3.79,1.44,3.3
2013,public_admin_edu,225.5,284.8,,-59.30000000000001,NEGATIVE_DERIVED: total(Dec admin) < resident(Jun survey); timing/methodology mismatch,3,community_social,"O84, P85",-26.3,,3.02,5.52,3.53
2014,public_admin_edu,234.4,285.2,,-50.79999999999998,NEGATIVE_DERIVED: total(Dec admin) < resident(Jun survey); timing/methodology mismatch,3,community_social,"O84, P85",-21.67,,3.95,-14.33,0.14
2015,public_admin_edu,239.4,290.7,,-51.29999999999998,NEGATIVE_DERIVED: total(Dec admin) < resident(Jun survey); timing/methodology mismatch,3,community_social,"O84, P85",-21.43,,2.13,0.98,1.93
2016,public_admin_edu,244.5,294.9,,-50.39999999999998,NEGATIVE_DERIVED: total(Dec admin) < resident(Jun survey); timing/methodology mismatch,3,community_social,"O84, P85",-20.61,,2.13,-1.75,1.44
2017,public_admin_edu,245.8,293.7,,-47.89999999999998,NEGATIVE_DERIVED: total(Dec admin) < resident(Jun survey); timing/methodology mismatch,3,community_social,"O84, P85",-19.49,,0.53,-4.96,-0.41
2018,public_admin_edu,249.6,296.9,,-47.29999999999998,NEGATIVE_DERIVED: total(Dec admin) < resident(Jun survey); timing/methodology mismatch,3,community_social,"O84, P85",-18.95,,1.55,-1.25,1.09
2019,public_admin_edu,253.5,304.3,,-50.80000000000001,NEGATIVE_DERIVED: total(Dec admin) < resident(Jun survey); timing/methodology mismatch,3,community_social,"O84, P85",-20.04,,1.56,7.4,2.49
2020,public_admin_edu,261.6,293.9,,-32.299999999999955,NEGATIVE_DERIVED: total(Dec admin) < resident(Jun survey); timing/methodology mismatch,3,community_social,"O84, P85",-12.35,,3.2,-36.42,-3.42
2021,public_admin_edu,263.7,315.6,,-51.900000000000034,NEGATIVE_DERIVED: total(Dec admin) < resident(Jun survey); timing/methodology mismatch,3,community_social,"O84, P85",-19.68,,0.8,60.68,7.38
2022,public_admin_edu,265.4,309.6,,-44.200000000000045,NEGATIVE_DERIVED: total(Dec admin) < resident(Jun survey); timing/methodology mismatch,3,community_social,"O84, P85",-16.65,,0.64,-14.84,-1.9
2023,public_admin_edu,268.2,305.6,,-37.400000000000034,NEGATIVE_DERIVED: total(Dec admin) < resident(Jun survey); timing/methodology mismatch,3,community_social,"O84, P85",-13.94,,1.06,-15.38,-1.29
2024,public_admin_edu,273.1,305.7,,-32.599999999999966,NEGATIVE_DERIVED: total(Dec admin) < resident(Jun survey); timing/methodology mismatch,3,community_social,"O84, P85",-11.94,,1.83,-12.83,0.03
2025,public_admin_edu,275.8,310.5,,-34.69999999999999,NEGATIVE_DERIVED: total(Dec admin) < resident(Jun survey); timing/methodology mismatch,3,community_social,"O84, P85",-12.58,,0.99,6.44,1.57
2009,real_estate,78.6,45.0,11027.5,33.599999999999994,,2,services,L68,42.75,140.3,,,
2010,real_estate,81.2,40.2,14034.8,41.0,,2,services,L68,50.49,172.84,3.31,22.02,-10.67
2011,real_estate,84.7,48.9,16127.2,35.800000000000004,,2,services,L68,42.27,190.4,4.31,-12.68,21.64
2012,real_estate,88.8,52.0,17078.0,36.8,,2,services,L68,41.44,192.32,4.84,2.79,6.34
2013,real_estate,87.4,49.3,19243.2,38.10000000000001,,2,services,L68,43.59,220.17,-1.58,3.53,-5.19
2014,real_estate,94.2,55.6,18962.7,38.6,,2,services,L68,40.98,201.3,7.78,1.31,12.78
2015,real_estate,88.6,55.4,18781.5,33.2,,2,services,L68,37.47,211.98,-5.94,-13.99,-0.36
2016,real_estate,81.4,53.5,17392.1,27.90000000000001,,2,services,L68,34.28,213.66,-8.13,-15.96,-3.43
2017,real_estate,80.1,57.6,15606.8,22.499999999999996,,2,services,L68,28.09,194.84,-1.6,-19.35,7.66
2018,real_estate,80.9,54.0,16137.5,26.90000000000001,,2,services,L68,33.25,199.47,1.0,19.56,-6.25
2019,real_estate,81.0,48.7,16648.9,32.3,,2,services,L68,39.88,205.54,0.12,20.07,-9.81
2020,real_estate,74.4,49.8,13378.6,24.60000000000001,,2,services,L68,33.06,179.82,-8.15,-23.84,2.26
2021,real_estate,72.8,51.0,16167.2,21.8,,2,services,L68,29.95,222.08,-2.15,-11.38,2.41
2022,real_estate,77.1,59.7,18346.5,17.39999999999999,,2,services,L68,22.57,237.96,5.91,-20.18,17.06
2023,real_estate,78.9,57.2,19252.5,21.700000000000003,,2,services,L68,27.5,244.01,2.33,24.71,-4.19
2024,real_estate,82.4,56.3,20571.1,26.10000000000001,,2,services,L68,31.67,249.65,4.44,20.28,-1.57
2025,real_estate,78.5,58.8,22208.6,19.700000000000003,,2,services,L68,25.1,282.91,-4.73,-24.52,4.44
2009,retail,144.2,,5416.6,,,3,wholesale_retail,G47,,37.56,,,
2010,retail,147.3,,5651.8,,,3,wholesale_retail,G47,,38.37,2.15,,
2011,retail,154.2,,6331.2,,,3,wholesale_retail,G47,,41.06,4.68,,
2012,retail,159.1,,6531.9,,,3,wholesale_retail,G47,,41.06,3.18,,
2013,retail,165.3,,6608.4,,,3,wholesale_retail,G47,,39.98,3.9,,
2014,retail,175.2,,6895.2,,,3,wholesale_retail,G47,,39.36,5.99,,
2015,retail,167.0,,7278.4,,,3,wholesale_retail,G47,,43.58,-4.68,,
2016,retail,167.6,,7659.1,,,3,wholesale_retail,G47,,45.7,0.36,,
2017,retail,166.5,,7844.9,,,3,wholesale_retail,G47,,47.12,-0.66,,
2018,retail,164.5,,7958.7,,,3,wholesale_retail,G47,,48.38,-1.2,,
2019,retail,165.3,,7537.7,,,3,wholesale_retail,G47,,45.6,0.49,,
2020,retail,155.7,,6032.2,,,3,wholesale_retail,G47,,38.74,-5.81,,
2021,retail,156.2,,7064.7,,,3,wholesale_retail,G47,,45.23,0.32,,
2022,retail,158.6,,7896.3,,,3,wholesale_retail,G47,,49.79,1.54,,
2023,retail,160.1,,8491.6,,,3,wholesale_retail,G47,,53.04,0.95,,
2024,retail,158.4,,8806.8,,,3,wholesale_retail,G47,,55.6,-1.06,,
2025,retail,157.2,,9001.7,,,3,wholesale_retail,G47,,57.26,-0.76,,
2009,services,2073.9,1441.2,181693.7,632.7,,1,,G46-U99,30.51,87.61,,,
2010,services,2184.7,1530.0,210487.7,654.6999999999998,,1,,G46-U99,29.97,96.35,5.34,3.48,6.16
2011,services,2278.4,1583.4,228920.2,695.0,,1,,G46-U99,30.5,100.47,4.29,6.16,3.49
2012,services,2356.5,1621.5,239471.7,735.0,,1,,G46-U99,31.19,101.62,3.43,5.76,2.41
2013,services,2447.9,1647.5,255092.1,800.4000000000001,,1,,G46-U99,32.7,104.21,3.88,8.9,1.6
2014,services,2566.6,1731.2,262844.0,835.3999999999999,,1,,G46-U99,32.55,102.41,4.85,4.37,5.08
2015,services,2612.8,1775.5,278103.0,837.3000000000002,,1,,G46-U99,32.05,106.44,1.8,0.23,2.56
2016,services,2656.8,1816.9,296425.5,839.9000000000001,,1,,G46-U99,31.61,111.57,1.68,0.31,2.33
2017,services,2703.4,1829.4,318205.5,874.0,,1,,G46-U99,32.33,117.71,1.75,4.06,0.69
2018,services,2757.0,1849.9,336555.4,907.1,,1,,G46-U99,32.9,122.07,1.98,3.79,1.12
2019,services,2816.5,1894.5,346153.4,922.0,,1,,G46-U99,32.74,122.9,2.16,1.64,2.41
2020,services,2722.5,1891.3,330861.6,831.2,,1,,G46-U99,30.53,121.53,-3.34,-9.85,-0.17
2021,services,2749.7,1952.6,397619.7,797.0999999999999,,1,,G46-U99,28.99,144.6,1.0,-4.1,3.24
2022,services,2883.1,2006.0,487480.8,877.0999999999999,,1,,G46-U99,30.42,169.08,4.85,10.04,2.73
2023,services,2948.3,2024.8,474115.3,923.5000000000002,,1,,G46-U99,31.32,160.81,2.26,5.29,0.94
2024,services,2994.3,2028.2,531497.2,966.1,,1,,G46-U99,32.26,177.5,1.56,4.61,0.17
2025,services,3029.2,2043.2,535527.2,985.9999999999998,,1,,G46-U99,32.55,176.79,1.17,2.06,0.74
2009,services_excl_mdw,1877.8,,,,,1,,,,,,,
2010,services_excl_mdw,1983.3,,,,,1,,,,,5.62,,
2011,services_excl_mdw,2072.0,,,,,1,,,,,4.47,,
2012,services_excl_mdw,2146.9,,,,,1,,,,,3.61,,
2013,services_excl_mdw,2233.4,,,,,1,,,,,4.03,,
2014,services_excl_mdw,2344.1,,,,,1,,,,,4.96,,
2015,services_excl_mdw,2381.3,,,,,1,,,,,1.59,,
2016,services_excl_mdw,2417.1,,,,,1,,,,,1.5,,
2017,services_excl_mdw,2456.6,,,,,1,,,,,1.63,,
2018,services_excl_mdw,2503.1,,,,,1,,,,,1.89,,
2019,services_excl_mdw,2554.6,,,,,1,,,,,2.06,,
2020,services_excl_mdw,2475.1,,,,,1,,,,,-3.11,,
2021,services_excl_mdw,2503.4,,,,,1,,,,,1.14,,
2022,services_excl_mdw,2614.6,,,,,1,,,,,4.44,,
2023,services_excl_mdw,2662.0,,,,,1,,,,,1.81,,
2024,services_excl_mdw,2692.7,,,,,1,,,,,1.15,,
2025,services_excl_mdw,2712.3,,,,,1,,,,,0.73,,
2009,total,2989.7,1869.4,282394.5,1120.2999999999995,,0,,,37.47,94.46,,,
2010,total,3105.6,1962.9,326980.1,1142.6999999999998,,0,,,36.79,105.29,3.88,2.0,5.0
2011,total,3228.2,1998.9,351367.9,1229.2999999999995,,0,,,38.08,108.84,3.95,7.58,1.83
2012,total,3357.4,2040.6,368770.5,1316.8000000000002,,0,,,39.22,109.84,4.0,7.12,2.09
2013,total,3493.6,2056.1,384870.3,1437.5,,0,,,41.15,110.16,4.06,9.17,0.76
2014,total,3623.6,2103.5,398947.9,1520.1,,0,,,41.95,110.1,3.72,5.75,2.31
2015,total,3656.0,2147.8,423444.1,1508.1999999999998,,0,,,41.25,115.82,0.89,-0.78,2.11
2016,total,3673.1,2165.3,443143.6,1507.7999999999995,,0,,,41.05,120.65,0.47,-0.03,0.81
2017,total,3669.4,2175.3,476136.2,1494.1,,0,,,40.72,129.76,-0.1,-0.91,0.46
2018,total,3714.8,2203.7,509830.4,1511.1000000000004,,0,,,40.68,137.24,1.24,1.14,1.31
2019,total,3784.3,2230.4,514052.1,1553.9,,0,,,41.06,135.84,1.87,2.83,1.21
2020,total,3603.3,2222.6,484602.0,1380.7000000000005,,0,,,38.32,134.49,-4.78,-11.15,-0.35
2021,total,3629.5,2286.5,592625.0,1343.0,,0,,,37.0,163.28,0.73,-2.73,2.88
2022,total,3889.8,2350.4,708983.0,1539.4,,0,,,39.58,182.27,7.17,14.62,2.79
2023,total,3986.4,2352.3,686398.0,1634.1,,0,,,40.99,172.18,2.48,6.15,0.08
2024,total,4046.2,2365.6,765497.5,1680.6,,0,,,41.54,189.19,1.5,2.85,0.57
2025,total,4117.0,2376.4,789529.2,1740.6,,0,,,42.28,191.77,1.75,3.57,0.46
2009,total_excl_mdw,2793.7,,,,,0,,,,,,,
2010,total_excl_mdw,2904.2,,,,,0,,,,,3.96,,
2011,total_excl_mdw,3021.9,,,,,0,,,,,4.05,,
2012,total_excl_mdw,3147.7,,,,,0,,,,,4.16,,
2013,total_excl_mdw,3279.0,,,,,0,,,,,4.17,,
2014,total_excl_mdw,3401.1,,,,,0,,,,,3.72,,
2015,total_excl_mdw,3424.5,,,,,0,,,,,0.69,,
2016,total_excl_mdw,3433.4,,,,,0,,,,,0.26,,
2017,total_excl_mdw,3422.7,,,,,0,,,,,-0.31,,
2018,total_excl_mdw,3461.0,,,,,0,,,,,1.12,,
2019,total_excl_mdw,3522.4,,,,,0,,,,,1.77,,
2020,total_excl_mdw,3355.9,,,,,0,,,,,-4.73,,
2021,total_excl_mdw,3383.2,,,,,0,,,,,0.81,,
2022,total_excl_mdw,3621.3,,,,,0,,,,,7.04,,
2023,total_excl_mdw,3700.1,,,,,0,,,,,2.18,,
2024,total_excl_mdw,3744.6,,,,,0,,,,,1.2,,
2025,total_excl_mdw,3800.1,,,,,0,,,,,1.48,,
2009,transport_air,25.6,,,,,3,transport_storage,"H51, 5223",,,,,
2010,transport_air,27.3,,,,,3,transport_storage,"H51, 5223",,,6.64,,
2011,transport_air,29.1,,,,,3,transport_storage,"H51, 5223",,,6.59,,
2012,transport_air,31.2,,,,,3,transport_storage,"H51, 5223",,,7.22,,
2013,transport_air,32.4,,,,,3,transport_storage,"H51, 5223",,,3.85,,
2014,transport_air,32.1,,,,,3,transport_storage,"H51, 5223",,,-0.93,,
2015,transport_air,32.5,,,,,3,transport_storage,"H51, 5223",,,1.25,,
2016,transport_air,31.2,,,,,3,transport_storage,"H51, 5223",,,-4.0,,
2017,transport_air,33.4,,,,,3,transport_storage,"H51, 5223",,,7.05,,
2018,transport_air,34.3,,,,,3,transport_storage,"H51, 5223",,,2.69,,
2019,transport_air,36.1,,,,,3,transport_storage,"H51, 5223",,,5.25,,
2020,transport_air,26.6,,,,,3,transport_storage,"H51, 5223",,,-26.32,,
2021,transport_air,25.2,,,,,3,transport_storage,"H51, 5223",,,-5.26,,
2022,transport_air,30.9,,,,,3,transport_storage,"H51, 5223",,,22.62,,
2023,transport_air,34.5,,,,,3,transport_storage,"H51, 5223",,,11.65,,
2024,transport_air,36.5,,,,,3,transport_storage,"H51, 5223",,,5.8,,
2025,transport_air,36.6,,,,,3,transport_storage,"H51, 5223",,,0.27,,
2009,transport_land,79.8,,,,,3,transport_storage,"H49, 5221",,,,,
2010,transport_land,81.6,,,,,3,transport_storage,"H49, 5221",,,2.26,,
2011,transport_land,82.7,,,,,3,transport_storage,"H49, 5221",,,1.35,,
2012,transport_land,85.0,,,,,3,transport_storage,"H49, 5221",,,2.78,,
2013,transport_land,87.8,,,,,3,transport_storage,"H49, 5221",,,3.29,,
2014,transport_land,91.0,,,,,3,transport_storage,"H49, 5221",,,3.64,,
2015,transport_land,94.4,,,,,3,transport_storage,"H49, 5221",,,3.74,,
2016,transport_land,99.5,,,,,3,transport_storage,"H49, 5221",,,5.4,,
2017,transport_land,103.1,,,,,3,transport_storage,"H49, 5221",,,3.62,,
2018,transport_land,107.9,,,,,3,transport_storage,"H49, 5221",,,4.66,,
2019,transport_land,108.9,,,,,3,transport_storage,"H49, 5221",,,0.93,,
2020,transport_land,109.5,,,,,3,transport_storage,"H49, 5221",,,0.55,,
2021,transport_land,100.3,,,,,3,transport_storage,"H49, 5221",,,-8.4,,
2022,transport_land,99.8,,,,,3,transport_storage,"H49, 5221",,,-0.5,,
2023,transport_land,101.7,,,,,3,transport_storage,"H49, 5221",,,1.9,,
2024,transport_land,100.7,,,,,3,transport_storage,"H49, 5221",,,-0.98,,
2025,transport_land,104.0,,,,,3,transport_storage,"H49, 5221",,,3.28,,
2009,transport_other,54.9,,,,,3,transport_storage,"H521, 5224, 5229, 53",,,,,
2010,transport_other,57.0,,,,,3,transport_storage,"H521, 5224, 5229, 53",,,3.83,,
2011,transport_other,58.4,,,,,3,transport_storage,"H521, 5224, 5229, 53",,,2.46,,
2012,transport_other,62.2,,,,,3,transport_storage,"H521, 5224, 5229, 53",,,6.51,,
2013,transport_other,64.4,,,,,3,transport_storage,"H521, 5224, 5229, 53",,,3.54,,
2014,transport_other,67.4,,,,,3,transport_storage,"H521, 5224, 5229, 53",,,4.66,,
2015,transport_other,67.4,,,,,3,transport_storage,"H521, 5224, 5229, 53",,,0.0,,
2016,transport_other,67.9,,,,,3,transport_storage,"H521, 5224, 5229, 53",,,0.74,,
2017,transport_other,69.0,,,,,3,transport_storage,"H521, 5224, 5229, 53",,,1.62,,
2018,transport_other,71.5,,,,,3,transport_storage,"H521, 5224, 5229, 53",,,3.62,,
2019,transport_other,72.9,,,,,3,transport_storage,"H521, 5224, 5229, 53",,,1.96,,
2020,transport_other,74.5,,,,,3,transport_storage,"H521, 5224, 5229, 53",,,2.19,,
2021,transport_other,84.0,,,,,3,transport_storage,"H521, 5224, 5229, 53",,,12.75,,
2022,transport_other,88.5,,,,,3,transport_storage,"H521, 5224, 5229, 53",,,5.36,,
2023,transport_other,82.0,,,,,3,transport_storage,"H521, 5224, 5229, 53",,,-7.34,,
2024,transport_other,82.4,,,,,3,transport_storage,"H521, 5224, 5229, 53",,,0.49,,
2025,transport_other,81.7,,,,,3,transport_storage,"H521, 5224, 5229, 53",,,-0.85,,
2009,transport_storage,199.7,179.9,21455.1,19.799999999999983,,2,services,H49-53,9.91,107.44,,,
2010,transport_storage,206.4,191.3,25271.0,15.099999999999994,,2,services,H49-53,7.32,122.44,3.36,-23.74,6.34
2011,transport_storage,213.2,192.0,22159.2,21.19999999999999,,2,services,H49-53,9.94,103.94,3.29,40.4,0.37
2012,transport_storage,222.1,189.5,23702.9,32.599999999999994,,2,services,H49-53,14.68,106.72,4.17,53.77,-1.3
2013,transport_storage,230.3,192.6,24756.7,37.70000000000002,,2,services,H49-53,16.37,107.5,3.69,15.64,1.64
2014,transport_storage,238.3,188.9,27092.4,49.400000000000006,,2,services,H49-53,20.73,113.69,3.47,31.03,-1.92
2015,transport_storage,241.1,187.6,30015.0,53.5,,2,services,H49-53,22.19,124.49,1.17,8.3,-0.69
2016,transport_storage,244.8,188.4,28169.9,56.400000000000006,,2,services,H49-53,23.04,115.07,1.53,5.42,0.43
2017,transport_storage,250.8,195.9,32322.5,54.900000000000006,,2,services,H49-53,21.89,128.88,2.45,-2.66,3.98
2018,transport_storage,258.3,199.0,31226.7,59.30000000000001,,2,services,H49-53,22.96,120.89,2.99,8.01,1.58
2019,transport_storage,262.2,205.5,31669.6,56.69999999999999,,2,services,H49-53,21.62,120.78,1.51,-4.38,3.27
2020,transport_storage,253.5,214.8,30079.3,38.69999999999999,,2,services,H49-53,15.27,118.66,-3.32,-31.75,4.53
2021,transport_storage,252.7,200.6,53674.4,52.1,,2,services,H49-53,20.62,212.4,-0.32,34.63,-6.61
2022,transport_storage,264.0,207.4,83044.2,56.6,,2,services,H49-53,21.44,314.56,4.47,8.64,3.39
2023,transport_storage,263.3,214.3,54213.4,49.0,,2,services,H49-53,18.61,205.9,-0.27,-13.43,3.33
2024,transport_storage,266.3,197.9,77696.8,68.4,,2,services,H49-53,25.69,291.76,1.14,39.59,-7.65
2025,transport_storage,269.8,209.0,60117.1,60.80000000000001,,2,services,H49-53,22.54,222.82,1.31,-11.11,5.61
2009,transport_water,39.4,,,,,3,transport_storage,"H50, 5222, 5225",,,,,
2010,transport_water,40.5,,,,,3,transport_storage,"H50, 5222, 5225",,,2.79,,
2011,transport_water,43.0,,,,,3,transport_storage,"H50, 5222, 5225",,,6.17,,
2012,transport_water,43.6,,,,,3,transport_storage,"H50, 5222, 5225",,,1.4,,
2013,transport_water,45.7,,,,,3,transport_storage,"H50, 5222, 5225",,,4.82,,
2014,transport_water,47.6,,,,,3,transport_storage,"H50, 5222, 5225",,,4.16,,
2015,transport_water,46.8,,,,,3,transport_storage,"H50, 5222, 5225",,,-1.68,,
2016,transport_water,46.2,,,,,3,transport_storage,"H50, 5222, 5225",,,-1.28,,
2017,transport_water,45.4,,,,,3,transport_storage,"H50, 5222, 5225",,,-1.73,,
2018,transport_water,44.7,,,,,3,transport_storage,"H50, 5222, 5225",,,-1.54,,
2019,transport_water,44.4,,,,,3,transport_storage,"H50, 5222, 5225",,,-0.67,,
2020,transport_water,42.9,,,,,3,transport_storage,"H50, 5222, 5225",,,-3.38,,
2021,transport_water,43.2,,,,,3,transport_storage,"H50, 5222, 5225",,,0.7,,
2022,transport_water,44.8,,,,,3,transport_storage,"H50, 5222, 5225",,,3.7,,
2023,transport_water,45.1,,,,,3,transport_storage,"H50, 5222, 5225",,,0.67,,
2024,transport_water,46.7,,,,,3,transport_storage,"H50, 5222, 5225",,,3.55,,
2025,transport_water,47.5,,,,,3,transport_storage,"H50, 5222, 5225",,,1.71,,
2009,wholesale,280.4,,44979.3,,,3,wholesale_retail,G46,,160.41,,,
2010,wholesale,291.2,,53525.7,,,3,wholesale_retail,G46,,183.81,3.85,,
2011,wholesale,297.9,,61678.4,,,3,wholesale_retail,G46,,207.04,2.3,,
2012,wholesale,304.1,,61105.9,,,3,wholesale_retail,G46,,200.94,2.08,,
2013,wholesale,314.0,,61886.9,,,3,wholesale_retail,G46,,197.09,3.26,,
2014,wholesale,322.3,,57829.3,,,3,wholesale_retail,G46,,179.43,2.64,,
2015,wholesale,322.7,,58306.1,,,3,wholesale_retail,G46,,180.68,0.12,,
2016,wholesale,323.5,,66472.9,,,3,wholesale_retail,G46,,205.48,0.25,,
2017,wholesale,323.8,,74182.4,,,3,wholesale_retail,G46,,229.1,0.09,,
2018,wholesale,326.1,,81026.7,,,3,wholesale_retail,G46,,248.47,0.71,,
2019,wholesale,319.0,,83030.0,,,3,wholesale_retail,G46,,260.28,-2.18,,
2020,wholesale,304.0,,83515.7,,,3,wholesale_retail,G46,,274.72,-4.7,,
2021,wholesale,293.2,,106483.8,,,3,wholesale_retail,G46,,363.18,-3.55,,
2022,wholesale,297.7,,141481.0,,,3,wholesale_retail,G46,,475.25,1.53,,
2023,wholesale,302.8,,133234.1,,,3,wholesale_retail,G46,,440.01,1.71,,
2024,wholesale,297.2,,143401.4,,,3,wholesale_retail,G46,,482.51,-1.85,,
2025,wholesale,293.6,,146481.0,,,3,wholesale_retail,G46,,498.91,-1.21,,
2009,wholesale_retail,424.6,272.4,50395.9,152.20000000000005,,2,services,G46-47,35.85,118.69,,,
2010,wholesale_retail,438.4,281.7,59177.5,156.7,,2,services,G46-47,35.74,134.99,3.25,2.96,3.41
2011,wholesale_retail,452.1,300.5,68009.6,151.60000000000002,,2,services,G46-47,33.53,150.43,3.12,-3.25,6.67
2012,wholesale_retail,463.2,306.3,67637.8,156.89999999999998,,2,services,G46-47,33.87,146.02,2.46,3.5,1.93
2013,wholesale_retail,479.4,302.2,68495.3,177.2,,2,services,G46-47,36.96,142.88,3.5,12.94,-1.34
2014,wholesale_retail,497.5,346.3,64724.5,151.2,,2,services,G46-47,30.39,130.1,3.78,-14.67,14.59
2015,wholesale_retail,489.7,364.1,65584.5,125.59999999999997,,2,services,G46-47,25.65,133.93,-1.57,-16.93,5.14
2016,wholesale_retail,491.1,364.1,74132.0,127.0,,2,services,G46-47,25.86,150.95,0.29,1.11,0.0
2017,wholesale_retail,490.3,356.2,82027.3,134.10000000000002,,2,services,G46-47,27.35,167.3,-0.16,5.59,-2.17
2018,wholesale_retail,490.6,352.5,88985.4,138.10000000000002,,2,services,G46-47,28.15,181.38,0.06,2.98,-1.04
2019,wholesale_retail,484.4,356.0,90567.7,128.39999999999998,,2,services,G46-47,26.51,186.97,-1.26,-7.02,0.99
2020,wholesale_retail,459.8,335.1,89547.9,124.7,,2,services,G46-47,27.12,194.75,-5.08,-2.88,-5.87
2021,wholesale_retail,449.4,338.6,113548.5,110.79999999999995,,2,services,G46-47,24.66,252.67,-2.26,-11.15,1.04
2022,wholesale_retail,456.4,351.8,149377.3,104.59999999999997,,2,services,G46-47,22.92,327.29,1.56,-5.6,3.9
2023,wholesale_retail,462.9,335.8,141725.7,127.09999999999997,,2,services,G46-47,27.46,306.17,1.42,21.51,-4.55
2024,wholesale_retail,455.5,336.0,152208.2,119.5,,2,services,G46-47,26.23,334.16,-1.6,-5.98,0.06
2025,wholesale_retail,450.8,336.7,155482.7,114.10000000000002,,2,services,G46-47,25.31,344.9,-1.03,-4.52,0.21
